id,k,base,size,reported,computed,error,alpha,levels
walker_4_base11,4,11,6,4.4217500000,4.4217475324,-2.4676017732e-06,0.7472217363,58
walker_4_base55,4,55,21,4.4397500000,4.4397533693,3.3692545404e-06,0.7597377850,37
